Ime,Zgodovina
Afghanistan,Zabava
Aland Islands,Hrana
Aland Islands,Hrana
Albania,Hrana
Albania,Narava
Albania,Zgodovina
Algeria,äport
American Samoa,Kultura
American Samoa,äport
American Samoa,Zgodovina
Andorra,Hrana
Andorra,Zgodovina
Angola,Narava
Anguilla,Zgodovina
Anguilla,Narava
Antarctica,Zgodovina
Antigua and Barbuda,Zabava
Antigua and Barbuda,Narava
Argentina,Narava
Argentina,Kultura
Argentina,Kultura
Armenia,Narava
Aruba,Zgodovina
Aruba,Hrana
Aruba,Zgodovina
Australia,Hrana
Austria,Narava
Austria,äport
Azerbaijan,Zabava
Azerbaijan,Zabava
Azerbaijan,äport
Bahamas,Zabava
Bahamas,äport
Bahamas,Narava
Bahrain,Kultura
Bahrain,äport
Bangladesh,äport
Bangladesh,Kultura
Bangladesh,Narava
Barbados,Narava
Belarus,äport
Belarus,Zgodovina
Belarus,Narava
Belgium,Narava
Belize,Hrana
Benin,Narava
Benin,äport
Bermuda,Zabava
Bermuda,Zabava
Bermuda,Hrana
Bhutan,äport
"Bolivia, Plurinational State of",Zgodovina
"Bolivia, Plurinational State of",Kultura
"Bolivia, Plurinational State of",Zgodovina
"Bonaire, Sint Eustatius and Saba",Zabava
"Bonaire, Sint Eustatius and Saba",Zabava
Bosnia and Herzegovina,Zabava
Bosnia and Herzegovina,Zgodovina
Bosnia and Herzegovina,Kultura
Botswana,äport
Botswana,Kultura
Bouvet Island,äport
Brazil,Zgodovina
Brazil,Zgodovina
Brazil,äport
British Indian Ocean Territory,äport
British Indian Ocean Territory,Zabava
Brunei Darussalam,Zgodovina
Brunei Darussalam,äport
Bulgaria,Narava
Bulgaria,Zgodovina
Bulgaria,Hrana
Burkina Faso,Narava
Burundi,Zabava
Burundi,Hrana
Cambodia,Zabava
Cameroon,Zgodovina
Canada,Zabava
Canada,Hrana
Canada,Kultura
Cape Verde,Narava
Cape Verde,Narava
Cayman Islands,Hrana
Cayman Islands,Zabava
Cayman Islands,äport
Central African Republic,Zabava
Chad,Narava
Chile,Kultura
China,Zgodovina
Christmas Island,Zgodovina
Christmas Island,Zabava
Cocos (Keeling) Islands,Hrana
Cocos (Keeling) Islands,Hrana
Cocos (Keeling) Islands,Kultura
Colombia,Hrana
Colombia,Zabava
Colombia,Hrana
Comoros,Kultura
Congo,Zgodovina
"Congo, the Democratic Republic of the",Zabava
"Congo, the Democratic Republic of the",Hrana
Cook Islands,Narava
Cook Islands,Kultura
Cook Islands,Zabava
Costa Rica,äport
Costa Rica,Kultura
Costa Rica,Kultura
C√¥te d'Ivoire,äport
C√¥te d'Ivoire,Zabava
C√¥te d'Ivoire,Hrana
Croatia,Zgodovina
Croatia,Kultura
Cuba,Kultura
Cura√ßao,Kultura
Cura√ßao,Kultura
Cura√ßao,Zgodovina
Cyprus,äport
Czech Republic,Kultura
Denmark,Hrana
Denmark,Zgodovina
Denmark,Zgodovina
Djibouti,äport
Djibouti,Narava
Dominica,Zgodovina
Dominica,äport
Dominican Republic,Zabava
Dominican Republic,Zabava
Ecuador,Hrana
Ecuador,Kultura
Egypt,Zabava
Egypt,Kultura
Egypt,Zgodovina
El Salvador,äport
El Salvador,Hrana
Equatorial Guinea,Narava
Equatorial Guinea,Narava
Eritrea,Kultura
Estonia,Kultura
Estonia,Kultura
Estonia,Zgodovina
Ethiopia,Hrana
Ethiopia,Kultura
Ethiopia,äport
Falkland Islands (Malvinas),Zabava
Falkland Islands (Malvinas),Zabava
Faroe Islands,äport
Fiji,Kultura
Fiji,Kultura
Finland,Zgodovina
France,äport
France,Zabava
French Guiana,Hrana
French Guiana,Zgodovina
French Polynesia,Kultura
French Polynesia,äport
French Polynesia,Zabava
French Southern Territories,äport
Gabon,Hrana
Gambia,Kultura
Gambia,Kultura
Georgia,Kultura
Georgia,Zgodovina
Georgia,Narava
Germany,äport
Ghana,Narava
Ghana,Zgodovina
Ghana,Kultura
Gibraltar,Kultura
Gibraltar,Zgodovina
Gibraltar,Kultura
Greece,Zabava
Greece,Hrana
Greece,Narava
Greenland,Narava
Greenland,Narava
Grenada,Zabava
Grenada,Hrana
Grenada,äport
Guadeloupe,äport
Guadeloupe,Zgodovina
Guadeloupe,Zabava
Guam,Zgodovina
Guatemala,Kultura
Guatemala,Narava
Guatemala,Zabava
Guernsey,Hrana
Guernsey,Zabava
Guernsey,äport
Guinea,Kultura
Guinea,Zgodovina
Guinea-Bissau,Hrana
Guyana,Hrana
Haiti,Zgodovina
Heard Island and McDonald Islands,Zgodovina
Heard Island and McDonald Islands,Kultura
Holy See (Vatican City State),Zabava
Honduras,äport
Honduras,äport
Honduras,Narava
Hong Kong,Zabava
Hungary,Zabava
Hungary,äport
Iceland,Narava
India,Kultura
Indonesia,Kultura
Indonesia,Zgodovina
Indonesia,Hrana
"Iran, Islamic Republic of",Zgodovina
"Iran, Islamic Republic of",Hrana
Iraq,äport
Iraq,Zabava
Iraq,äport
Ireland,Zabava
Ireland,Hrana
Isle of Man,Zgodovina
Isle of Man,Zabava
Israel,Zabava
Israel,Narava
Israel,Zabava
Italy,Hrana
Italy,Kultura
Jamaica,Hrana
Japan,Hrana
Japan,Zgodovina
Japan,Narava
Jersey,Narava
Jersey,Narava
Jordan,Hrana
Jordan,Kultura
Kazakhstan,Kultura
Kenya,Narava
Kenya,Kultura
Kenya,Hrana
Kiribati,Narava
Kiribati,Hrana
"Korea, Democratic People's Republic of",Kultura
"Korea, Democratic People's Republic of",Zgodovina
"Korea, Democratic People's Republic of",Hrana
"Korea, Republic of",Zabava
Kuwait,Zgodovina
Kuwait,äport
Kuwait,äport
Kyrgyzstan,Narava
Lao People's Democratic Republic,äport
Lao People's Democratic Republic,Hrana
Lao People's Democratic Republic,Zgodovina
Latvia,Kultura
Latvia,Kultura
Latvia,Narava
Lebanon,Hrana
Lebanon,Kultura
Lebanon,Hrana
Lesotho,Zgodovina
Liberia,äport
Liberia,Kultura
Liberia,Zabava
Libya,Zgodovina
Libya,äport
Libya,äport
Liechtenstein,Kultura
Liechtenstein,äport
Lithuania,äport
Lithuania,äport
Lithuania,Hrana
Luxembourg,Hrana
Luxembourg,äport
Luxembourg,Narava
Macao,Narava
"Macedonia, the Former Yugoslav Republic of",Zabava
"Macedonia, the Former Yugoslav Republic of",Hrana
"Macedonia, the Former Yugoslav Republic of",Zabava
Madagascar,Hrana
Malawi,Narava
Malaysia,Kultura
Malaysia,Narava
Maldives,Hrana
Maldives,Kultura
Maldives,Zabava
Mali,Kultura
Mali,Kultura
Mali,Hrana
Malta,Kultura
Malta,Narava
Malta,Zabava
Marshall Islands,Kultura
Marshall Islands,Zgodovina
Marshall Islands,Zabava
Martinique,Kultura
Martinique,Kultura
Mauritania,Zabava
Mauritius,Zabava
Mauritius,Narava
Mauritius,Zgodovina
Mayotte,Zgodovina
Mexico,Narava
"Micronesia, Federated States of",Kultura
"Micronesia, Federated States of",äport
"Micronesia, Federated States of",Narava
"Moldova, Republic of",Narava
"Moldova, Republic of",Hrana
"Moldova, Republic of",Kultura
Monaco,Hrana
Mongolia,Narava
Montenegro,äport
Montenegro,Zgodovina
Montenegro,Zgodovina
Montserrat,Kultura
Morocco,Zabava
Morocco,äport
Morocco,Zgodovina
Mozambique,äport
Myanmar,Hrana
Myanmar,Narava
Namibia,Hrana
Namibia,Hrana
Namibia,äport
Nauru,Zgodovina
Nepal,Kultura
Nepal,Zabava
Nepal,Hrana
Netherlands,Narava
New Caledonia,Kultura
New Caledonia,Narava
New Zealand,äport
New Zealand,Narava
Nicaragua,Zgodovina
Nicaragua,Hrana
Nicaragua,Narava
Niger,Zgodovina
Niger,Zabava
Niger,äport
Nigeria,äport
Nigeria,Zgodovina
Niue,äport
Norfolk Island,Hrana
Northern Mariana Islands,Hrana
Norway,Kultura
Norway,äport
Norway,äport
Oman,Zabava
Oman,Kultura
Pakistan,äport
Pakistan,Kultura
Pakistan,Zgodovina
Palau,Zgodovina
Palau,äport
Palau,Narava
"Palestine, State of",Zabava
"Palestine, State of",Zabava
"Palestine, State of",Narava
Panama,Hrana
Papua New Guinea,Zabava
Paraguay,Hrana
Paraguay,äport
Paraguay,Kultura
Peru,Kultura
Peru,äport
Peru,Zgodovina
Philippines,äport
Philippines,äport
Philippines,Narava
Pitcairn,Zabava
Pitcairn,Kultura
Poland,Narava
Portugal,äport
Portugal,Zabava
Portugal,äport
Puerto Rico,Kultura
Puerto Rico,Hrana
Qatar,Narava
Qatar,Zabava
R√©union,Hrana
Romania,äport
Romania,äport
Romania,Kultura
Russian Federation,Zabava
Rwanda,Zabava
Rwanda,Hrana
Rwanda,äport
Saint Barth√©lemy,Hrana
Saint Barth√©lemy,Narava
Saint Barth√©lemy,äport
"Saint Helena, Ascension and Tristan da Cunha",äport
Saint Kitts and Nevis,Kultura
Saint Kitts and Nevis,Kultura
Saint Lucia,Kultura
Saint Lucia,äport
Saint Lucia,Zabava
Saint Martin (French part),Zgodovina
Saint Martin (French part),Narava
Saint Martin (French part),Zgodovina
Saint Pierre and Miquelon,äport
Saint Pierre and Miquelon,Kultura
Saint Pierre and Miquelon,Zgodovina
Saint Vincent and the Grenadines,Narava
Saint Vincent and the Grenadines,Narava
Saint Vincent and the Grenadines,äport
Samoa,Zabava
Samoa,Narava
San Marino,Kultura
Sao Tome and Principe,äport
Saudi Arabia,Hrana
Senegal,Hrana
Serbia,Zabava
Seychelles,Zabava
Seychelles,Zgodovina
Seychelles,Narava
Sierra Leone,Zabava
Sierra Leone,Kultura
Singapore,Zgodovina
Singapore,Kultura
Singapore,Zgodovina
Sint Maarten (Dutch part),Zabava
Sint Maarten (Dutch part),äport
Slovakia,äport
Slovenia,Kultura
Slovenia,äport
Solomon Islands,Kultura
Solomon Islands,Narava
Solomon Islands,Narava
Somalia,Zabava
Somalia,Zgodovina
Somalia,Zabava
South Africa,Zgodovina
South Africa,Zabava
South Africa,äport
South Georgia and the South Sandwich Islands,äport
South Georgia and the South Sandwich Islands,Narava
South Sudan,Kultura
Spain,Hrana
Spain,Kultura
Spain,äport
Sri Lanka,Narava
Sudan,Hrana
Sudan,Zgodovina
Sudan,Kultura
Suriname,Zgodovina
Suriname,Hrana
Svalbard and Jan Mayen,Hrana
Svalbard and Jan Mayen,Hrana
Svalbard and Jan Mayen,Zabava
Swaziland,Zgodovina
Sweden,Zabava
Switzerland,Hrana
Switzerland,Zgodovina
Switzerland,Zgodovina
Syrian Arab Republic,Zabava
"Taiwan, Province of China",Zabava
Tajikistan,Zgodovina
Tajikistan,Zabava
"Tanzania, United Republic of",Hrana
"Tanzania, United Republic of",Zgodovina
Thailand,Kultura
Timor-Leste,Zabava
Timor-Leste,äport
Timor-Leste,Kultura
Togo,Zabava
Togo,äport
Tokelau,Hrana
Tokelau,Hrana
Tokelau,äport
Tonga,Kultura
Trinidad and Tobago,Narava
Trinidad and Tobago,Narava
Trinidad and Tobago,Kultura
Tunisia,Zgodovina
Tunisia,Kultura
Tunisia,Zgodovina
Turkey,Narava
Turkey,Hrana
Turkey,äport
Turkmenistan,Kultura
Turks and Caicos Islands,Zgodovina
Tuvalu,Kultura
Uganda,Hrana
Ukraine,Zgodovina
Ukraine,Zabava
Ukraine,Kultura
United Arab Emirates,Kultura
United Kingdom,Zgodovina
United Kingdom,Zgodovina
United States,Zgodovina
United States,äport
United States Minor Outlying Islands,äport
United States Minor Outlying Islands,Narava
Uruguay,äport
Uzbekistan,äport
Uzbekistan,Narava
Uzbekistan,Hrana
Vanuatu,Zgodovina
"Venezuela, Bolivarian Republic of",Kultura
"Venezuela, Bolivarian Republic of",Hrana
"Venezuela, Bolivarian Republic of",Zabava
Viet Nam,Kultura
"Virgin Islands, British",Kultura
"Virgin Islands, British",Zgodovina
"Virgin Islands, British",Zgodovina
"Virgin Islands, U.S.",Zgodovina
"Virgin Islands, U.S.",Hrana
Wallis and Futuna,äport
Western Sahara,Kultura
Yemen,Zabava
Yemen,Zgodovina
Yemen,Zabava
Zambia,Zabava
Zimbabwe,Zgodovina
Zimbabwe,Zabava
Zimbabwe,äport
