Name,Zabava
Afghanistan,Hrana
Afghanistan,Narava
Åland Islands,Narava
Albania,Šport
Algeria,Hrana
American Samoa,Narava
Andorra,Zabava
Andorra,Narava
Angola,Hrana
Anguilla,Narava
Anguilla,Zgodovina
Anguilla,Šport
Antarctica,Šport
Antarctica,Zgodovina
Antigua and Barbuda,Zabava
Argentina,Narava
Armenia,Hrana
Armenia,Kultura
Aruba,Zabava
Aruba,Šport
Australia,Hrana
Austria,Zgodovina
Austria,Šport
Azerbaijan,Narava
Bahamas,Zabava
Bahrain,Zabava
Bahrain,Hrana
Bangladesh,Kultura
Bangladesh,Hrana
Barbados,Zabava
Belarus,Šport
Belarus,Hrana
Belgium,Zabava
Belize,Narava
Belize,Zabava
Benin,Zgodovina
Bermuda,Kultura
Bhutan,Narava
Bhutan,Kultura
Bhutan,Zabava
"Bolivia, Plurinational State of",Zabava
"Bonaire, Sint Eustatius and Saba",Hrana
Bosnia and Herzegovina,Zabava
Bosnia and Herzegovina,Hrana
Bosnia and Herzegovina,Narava
Botswana,Šport
Botswana,Zgodovina
Bouvet Island,Narava
Brazil,Zabava
Brazil,Hrana
Brazil,Narava
British Indian Ocean Territory,Zgodovina
British Indian Ocean Territory,Šport
Brunei Darussalam,Narava
Brunei Darussalam,Zgodovina
Brunei Darussalam,Hrana
Bulgaria,Narava
Bulgaria,Šport
Burkina Faso,Zgodovina
Burundi,Šport
Burundi,Kultura
Cambodia,Kultura
Cambodia,Zabava
Cameroon,Narava
Cameroon,Zabava
Canada,Zabava
Canada,Šport
Cape Verde,Zgodovina
Cape Verde,Hrana
Cayman Islands,Kultura
Cayman Islands,Zgodovina
Central African Republic,Zabava
Chad,Hrana
Chile,Zgodovina
Chile,Zabava
China,Narava
China,Zabava
Christmas Island,Zgodovina
Cocos (Keeling) Islands,Šport
Cocos (Keeling) Islands,Hrana
Cocos (Keeling) Islands,Zgodovina
Colombia,Šport
Colombia,Hrana
Comoros,Zgodovina
Comoros,Zabava
Congo,Zabava
"Congo, the Democratic Republic of the",Narava
Cook Islands,Kultura
Cook Islands,Hrana
Costa Rica,Zgodovina
Côte d'Ivoire,Kultura
Croatia,Narava
Cuba,Zgodovina
Curaçao,Hrana
Curaçao,Zabava
Cyprus,Šport
Cyprus,Hrana
Cyprus,Kultura
Czech Republic,Zgodovina
Czech Republic,Hrana
Czech Republic,Šport
Denmark,Zabava
Djibouti,Narava
Djibouti,Zabava
Djibouti,Hrana
Dominica,Hrana
Dominica,Zabava
Dominican Republic,Zabava
Dominican Republic,Narava
Ecuador,Zgodovina
Ecuador,Zabava
Egypt,Kultura
El Salvador,Narava
Equatorial Guinea,Narava
Equatorial Guinea,Kultura
Eritrea,Šport
Estonia,Narava
Ethiopia,Hrana
Ethiopia,Zabava
Falkland Islands (Malvinas),Zabava
Faroe Islands,Hrana
Faroe Islands,Zgodovina
Fiji,Hrana
Fiji,Narava
Finland,Šport
France,Šport
French Guiana,Hrana
French Guiana,Kultura
French Polynesia,Zgodovina
French Polynesia,Hrana
French Southern Territories,Zgodovina
Gabon,Hrana
Gabon,Zabava
Gabon,Šport
Gambia,Narava
Gambia,Kultura
Georgia,Narava
Georgia,Zgodovina
Germany,Hrana
Ghana,Zabava
Ghana,Hrana
Ghana,Šport
Gibraltar,Zgodovina
Greece,Kultura
Greenland,Hrana
Greenland,Narava
Grenada,Hrana
Grenada,Narava
Guadeloupe,Šport
Guadeloupe,Zgodovina
Guam,Kultura
Guam,Hrana
Guam,Zabava
Guatemala,Narava
Guatemala,Zgodovina
Guernsey,Narava
Guinea,Kultura
Guinea,Šport
Guinea-Bissau,Zabava
Guyana,Kultura
Guyana,Šport
Haiti,Narava
Heard Island and McDonald Islands,Narava
Holy See (Vatican City State),Narava
Honduras,Narava
Honduras,Zabava
Hong Kong,Zgodovina
Hong Kong,Šport
Hong Kong,Hrana
Hungary,Šport
Hungary,Hrana
Hungary,Kultura
Iceland,Hrana
Iceland,Zgodovina
India,Zgodovina
India,Hrana
Indonesia,Šport
Indonesia,Zabava
"Iran, Islamic Republic of",Hrana
Iraq,Zgodovina
Ireland,Kultura
Ireland,Zabava
Isle of Man,Šport
Israel,Narava
Israel,Zgodovina
Israel,Zabava
Italy,Zgodovina
Italy,Zabava
Jamaica,Šport
Jamaica,Hrana
Japan,Kultura
Japan,Zgodovina
Jersey,Hrana
Jordan,Kultura
Kazakhstan,Hrana
Kenya,Zgodovina
Kenya,Kultura
Kenya,Šport
Kiribati,Kultura
Kiribati,Hrana
"Korea, Democratic People's Republic of",Zabava
"Korea, Republic of",Hrana
Kuwait,Hrana
Kuwait,Narava
Kuwait,Zgodovina
Kyrgyzstan,Narava
Kyrgyzstan,Šport
Kyrgyzstan,Zgodovina
Lao People's Democratic Republic,Zabava
Latvia,Hrana
Lebanon,Kultura
Lesotho,Šport
Liberia,Kultura
Libya,Šport
Libya,Zgodovina
Liechtenstein,Zabava
Liechtenstein,Hrana
Lithuania,Zgodovina
Lithuania,Šport
Luxembourg,Hrana
Macao,Hrana
Macao,Zgodovina
"Macedonia, the Former Yugoslav Republic of",Zabava
"Macedonia, the Former Yugoslav Republic of",Zgodovina
Madagascar,Kultura
Malawi,Narava
Malawi,Zgodovina
Malawi,Hrana
Malaysia,Kultura
Maldives,Zgodovina
Maldives,Narava
Maldives,Hrana
Mali,Narava
Malta,Šport
Malta,Narava
Marshall Islands,Zgodovina
Marshall Islands,Zabava
Marshall Islands,Narava
Martinique,Zgodovina
Martinique,Hrana
Mauritania,Hrana
Mauritania,Zabava
Mauritius,Hrana
Mauritius,Kultura
Mayotte,Zabava
Mexico,Kultura
Mexico,Hrana
Mexico,Narava
"Micronesia, Federated States of",Zabava
"Moldova, Republic of",Zgodovina
"Moldova, Republic of",Zabava
Monaco,Hrana
Mongolia,Šport
Mongolia,Kultura
Mongolia,Hrana
Montenegro,Zabava
Montenegro,Hrana
Montserrat,Narava
Montserrat,Hrana
Morocco,Narava
Morocco,Zabava
Mozambique,Hrana
Myanmar,Kultura
Myanmar,Zgodovina
Myanmar,Zabava
Namibia,Šport
Nauru,Zabava
Nepal,Šport
Netherlands,Zgodovina
Netherlands,Hrana
New Caledonia,Zabava
New Zealand,Zgodovina
New Zealand,Šport
New Zealand,Kultura
Nicaragua,Zabava
Nicaragua,Zgodovina
Nicaragua,Šport
Niger,Zgodovina
Nigeria,Narava
Nigeria,Šport
Nigeria,Hrana
Niue,Šport
Niue,Zabava
Norfolk Island,Narava
Northern Mariana Islands,Hrana
Northern Mariana Islands,Kultura
Northern Mariana Islands,Zgodovina
Norway,Zabava
Norway,Kultura
Oman,Narava
Oman,Kultura
Pakistan,Kultura
Pakistan,Zabava
Palau,Hrana
Palau,Šport
"Palestine, State of",Šport
Panama,Hrana
Papua New Guinea,Narava
Papua New Guinea,Zgodovina
Papua New Guinea,Šport
Paraguay,Šport
Paraguay,Narava
Peru,Kultura
Peru,Šport
Peru,Narava
Philippines,Narava
Philippines,Hrana
Pitcairn,Narava
Pitcairn,Kultura
Pitcairn,Zabava
Poland,Zabava
Poland,Hrana
Portugal,Šport
Portugal,Hrana
Puerto Rico,Kultura
Puerto Rico,Šport
Qatar,Kultura
Réunion,Zgodovina
Réunion,Šport
Romania,Šport
Romania,Kultura
Russian Federation,Zabava
Russian Federation,Kultura
Rwanda,Hrana
Rwanda,Zgodovina
Saint Barthélemy,Šport
Saint Barthélemy,Zgodovina
"Saint Helena, Ascension and Tristan da Cunha",Šport
"Saint Helena, Ascension and Tristan da Cunha",Zabava
Saint Kitts and Nevis,Zabava
Saint Lucia,Hrana
Saint Lucia,Narava
Saint Lucia,Kultura
Saint Martin (French part),Zabava
Saint Pierre and Miquelon,Zabava
Saint Vincent and the Grenadines,Šport
Samoa,Šport
Samoa,Kultura
Samoa,Zgodovina
San Marino,Hrana
San Marino,Kultura
San Marino,Zabava
Sao Tome and Principe,Zabava
Saudi Arabia,Narava
Saudi Arabia,Kultura
Senegal,Hrana
Senegal,Zabava
Serbia,Kultura
Serbia,Šport
Seychelles,Narava
Seychelles,Zabava
Sierra Leone,Zgodovina
Sierra Leone,Šport
Sierra Leone,Kultura
Singapore,Zabava
Sint Maarten (Dutch part),Zgodovina
Slovakia,Narava
Slovakia,Hrana
Slovenia,Šport
Slovenia,Zgodovina
Solomon Islands,Zabava
Somalia,Narava
South Africa,Zabava
South Africa,Šport
South Africa,Hrana
South Georgia and the South Sandwich Islands,Šport
South Georgia and the South Sandwich Islands,Zabava
South Sudan,Zgodovina
South Sudan,Hrana
Spain,Kultura
Sri Lanka,Šport
Sudan,Narava
Sudan,Hrana
Suriname,Zabava
Suriname,Hrana
Svalbard and Jan Mayen,Šport
Swaziland,Narava
Swaziland,Zgodovina
Sweden,Hrana
Sweden,Šport
Sweden,Zabava
Switzerland,Narava
Switzerland,Šport
Switzerland,Hrana
Syrian Arab Republic,Zgodovina
Syrian Arab Republic,Kultura
Syrian Arab Republic,Zabava
"Taiwan, Province of China",Narava
Tajikistan,Hrana
Tajikistan,Kultura
Tajikistan,Zgodovina
"Tanzania, United Republic of",Šport
"Tanzania, United Republic of",Zgodovina
Thailand,Zgodovina
Thailand,Hrana
Timor-Leste,Narava
Togo,Narava
Tokelau,Zgodovina
Tonga,Kultura
Tonga,Narava
Trinidad and Tobago,Kultura
Tunisia,Narava
Tunisia,Zgodovina
Tunisia,Šport
Turkey,Hrana
Turkey,Šport
Turkey,Zgodovina
Turkmenistan,Hrana
Turkmenistan,Šport
Turks and Caicos Islands,Hrana
Turks and Caicos Islands,Zabava
Tuvalu,Narava
Tuvalu,Hrana
Uganda,Hrana
Uganda,Kultura
Ukraine,Šport
United Arab Emirates,Kultura
United Arab Emirates,Narava
United Kingdom,Zabava
United States,Narava
United States,Zabava
United States,Šport
United States Minor Outlying Islands,Hrana
United States Minor Outlying Islands,Narava
Uruguay,Zgodovina
Uzbekistan,Zgodovina
Vanuatu,Zabava
Vanuatu,Hrana
"Venezuela, Bolivarian Republic of",Hrana
"Venezuela, Bolivarian Republic of",Narava
"Venezuela, Bolivarian Republic of",Zabava
Viet Nam,Zabava
"Virgin Islands, British",Hrana
"Virgin Islands, British",Šport
"Virgin Islands, British",Zgodovina
"Virgin Islands, U.S.",Narava
"Virgin Islands, U.S.",Kultura
"Virgin Islands, U.S.",Šport
Wallis and Futuna,Zgodovina
Wallis and Futuna,Narava
Wallis and Futuna,Zabava
Western Sahara,Hrana
Western Sahara,Zgodovina
Yemen,Zgodovina
Zambia,Zabava
Zimbabwe,Kultura
